"covariate","nspline","min","median","max","City_id"
"geographic_distance",3,0.0114054249965712,0.0834141125105899,0.237495044921044,1
"geographic_distance",3,0.0138862838037426,0.174558583429349,0.455389906931944,2
"geographic_distance",3,0.0109041152901139,0.272597157689887,0.715780416479141,3
"geographic_distance",3,0.00824848433565502,0.144137923642261,0.473736786045979,4
"geographic_distance",3,0.00947724588713372,0.125916878755057,0.340973458820304,5
"geographic_distance",3,0.0100576333132036,0.0891334319118881,0.271891608429537,6
